PROGR,REGIONE,ID SCHEDA,PROVINCIA,COMUNE,LOCALITÀ,LATITUDINE SU GIS,LONGITUDINE SU GIS,ALTITUDINE (m s.l.m.),CONTESTO URBANO,SPECIE NOME SCIENTIFICO,SPECIE NOME VOLGARE,CIRCONFERENZA FUSTO (cm),ALTEZZA (m),CRITERI DI MONUMENTALITÀ,PROPOSTA DICHIARAZIONE NOTEVOLE INTERESSE PUBBLICO,lon,lat
1,SICILIA,01/A089/AG/19,Agrigento,Agrigento,Valle dei Templi,"37° 17' 22,25''","13° 35' 35,7''",98.0,no,Olea europaea L.,Olivo,380.0,5.0,"a) età e/o dimensioni
b) forma e portamento
c) valore ecologico
f) pregio paesaggistico
g) valore storico, culturale, religioso",sì,13.593250,37.289514
2,SICILIA,02/A089/AG/19,Agrigento,Agrigento,Valle dei Templi,"37° 17' 19,56''","13° 36' 1,83''",98.0,no,Olea europaea L.,Olivo,550.0,6.5,"a) età e/o dimensioni
c) valore ecologico
f) pregio paesaggistico",sì,13.600508,37.288767
3,SICILIA,03/A089/AG/19,Agrigento,Agrigento,Valle dei Templi,"37° 17' 20,85''","13° 35' 59,14''",88.0,no,Olea europaea L.,Olivo,420.0,5.0,"c) valore ecologico
f) pregio paesaggistico",sì,13.599761,37.289125
4,SICILIA,04/A089/AG/19,Agrigento,Agrigento,Valle dei Templi,"37° 17' 30,17''","13° 34' 56,1''",52.0,no,Mirtus communis L.,Mirto,130-150-140,7.5,"a) età e/o dimensioni
f) pregio paesaggistico",sì,13.582250,37.291714
5,SICILIA,05/A089/AG/19,Agrigento,Agrigento,Valle dei Templi,"37° 17' 27,46''","13° 35' 00,77''",80.0,no,Ceratonia siliqua L.,Carrubo,400.0,8.0,"a) età e/o dimensioni
c) valore ecologico
f) pregio paesaggistico",sì,13.583547,37.290961
6,SICILIA,06/A089/AG/19,Agrigento,Agrigento,Valle dei Templi,"37° 17' 37,41''","13° 34' 52,53''",55.0,no,Olea europaea L.,Olivo,640.0,5.0,"a) età e/o dimensioni
c) valore ecologico
f) pregio paesaggistico",sì,13.581258,37.293725
7,SICILIA,07/A089/AG/19,Agrigento,Agrigento,Valle dei Templi,"37° 17' 37,28''","13° 34' 51,59''",60.0,no,Olea europaea L.,Olivo,470.0,7.5,"a) età e/o dimensioni
b) forma e portamento
c) valore ecologico
f) pregio paesaggistico",no,13.580997,37.293689
8,SICILIA,08/A089/AG/19,Agrigento,Agrigento,Piazza Aldo Moro,"37° 18' 36,4''","13° 35' 07,27''",237.0,sì,Ficus macrophylla Desf. ex Pers.,Fico magnolioide,420.0,10.0,"a) età e/o dimensioni
c) valore ecologico
e) architettura vegetale
f) pregio paesaggistico",sì,13.585353,37.310111
9,SICILIA,09/A089/AG/19,Agrigento,Agrigento,Basilica dell'Immacolata - Via Pirandello,"37° 18' 35,14''","13° 35' 0,6''",231.0,sì,Ficus macrophylla Desf. ex Pers.,Fico magnolioide,400.0,9.0,"a) età e/o dimensioni
c) valore ecologico
e) architettura vegetale
f) pregio paesaggistico",sì,13.583500,37.309761
10,SICILIA,10/A089/AG/19,Agrigento,Agrigento,Piazza Aldo Moro,"37° 18' 36,09''","13° 35' 06,61''",234.0,sì,Ficus macrophylla Desf. ex Pers.,Fico magnolioide,430.0,9.0,"a) età e/o dimensioni
c) valore ecologico
f) pregio paesaggistico",no,13.585169,37.310025
11,SICILIA,01/B275/AG/19,Agrigento,Burgio,Guardiola,"37° 37' 52,46''","13° 19' 1,58''",800.0,no,Quercus pubescens Willd.,Roverella,420.0,20.0,a) età e/o dimensioni,no,13.317106,37.631239
12,SICILIA,01/B427/AG/19,Agrigento,Caltabellotta,Villa Comunale,37° 34' 39'',13° 13' 14'',780.0,sì,Quercus pubescens Willd.,Roverella,350.0,20.0,"a) età e/o dimensioni
c) valore ecologico",no,13.220556,37.577500
13,SICILIA,02/B427/AG/19,Agrigento,Caltabellotta,Figotto,"37° 37' 25,89''","13° 10' 46,33''",450.0,no,Ceratonia siliqua L.,Carrubo,720.0,12.0,"a) età e/o dimensioni
c) valore ecologico
f) pregio paesaggistico",sì,13.179536,37.623858
14,SICILIA,03/B427/AG/19,Agrigento,Caltabellotta,Figotto,"37° 35' 34,66''","13° 10' 56,5''",442.0,no,Quercus suber L.,Sughera,430.0,15.0,"a) età e/o dimensioni
c) valore ecologico
f) pregio paesaggistico",sì,13.182361,37.592961
15,SICILIA,01/E714/AG/19,Agrigento,Lucca Sicula,Ciancimino,"37° 34' 47,67''","13° 17' 53,65''",440.0,no,Quercus pubescens Willd.,Roverella,470.0,20.0,"a) età e/o dimensioni
c) valore ecologico",no,13.298236,37.579908
16,SICILIA,01/F126/AG/19,Agrigento,Menfi,Azienda Ravidà - Guerra Soprana - Strada Provinciale N. 48,"37° 38' 21,47''","12° 55' 17,47''",108.0,no,Insieme omogeneo di Quercus suber L.,Sughera,"200 (med)
240 (max)","20,0 (med)
25,0 (max)","a) età e/o dimensioni
c) valore ecologico
f) pregio paesaggistico",no,12.921519,37.639297
17,SICILIA,02/F126/AG/19,Agrigento,Menfi,Azienda Ravidà - Guerra Soprana,"37° 38' 21,12''","12° 55' 18,65''",108.0,no,Olea europaea L.,Olivo,470.0,3.5,"a) età e/o dimensioni
c) valore ecologico",no,12.921847,37.639200
18,SICILIA,01/H269/AG/19,Agrigento,Ribera,Villa Comunale,"37° 30' 17,04''","13° 16' 13,66''",222.0,sì,Ficus macrophylla Desf. ex Pers.,Fico magnolioide,450.0,18.0,"a) età e/o dimensioni
b) forma e portamento
d) rarità botanica",no,13.270461,37.504733
19,SICILIA,02/H269/AG/19,Agrigento,Ribera,Villa Comunale,"37° 30' 17,33''","13° 16' 13,37''",222.0,sì,Ficus macrophylla Desf. ex Pers.,Fico magnolioide,500.0,20.0,"a) età e/o dimensioni
b) forma e portamento
d) rarità botanica",no,13.270381,37.504814
20,SICILIA,01/H743/AG/19,Agrigento,Sambuca di Sicilia,Adragna,"37° 40' 43,58''","13° 07' 37,8''",516.0,no,Quercus pubescens Willd.,Roverella,395.0,20.0,"a) età e/o dimensioni
b) forma e portamento
c) valore ecologico
f) pregio paesaggistico",sì,13.127167,37.678772
21,SICILIA,02/H743/AG/19,Agrigento,Sambuca di Sicilia,Adragna,"37° 40' 38,57''","13° 07' 51,12''",500.0,no,Insieme omogeneo di Quercus pubescens Willd.,Roverella,"360 (med)
460 (max)","20,0 (med)
30,0 (max)","a) età e/o dimensioni
b) forma e portamento
c) valore ecologico
f) pregio paesaggistico",sì,13.130867,37.677381
22,SICILIA,03/H743/AG/19,Agrigento,Sambuca di Sicilia,Adragna - Strada Provinciale N. 69,"37° 40' 24,84''","13° 7' 51,16''",500.0,no,Insieme omogeneo di Quercus pubescens Willd.,Roverella,"410 (med)
450 (max)","20,0 (med)
20,0 (max)","a) età e/o dimensioni
b) forma e portamento
c) valore ecologico
f) pregio paesaggistico",no,13.130878,37.673567
23,SICILIA,01/H914/AG/19,Agrigento,San Giovanni Gemini,San Crispino,"37° 38' 33,6''","13° 40' 35,42''",442.0,no,Prunus dulcis (Mill.) D.A. Webb,Mandorlo,250.0,11.0,"a) età e/o dimensioni
c) valore ecologico
f) pregio paesaggistico",sì,13.676506,37.642667
24,SICILIA,03/H914/AG/19,Agrigento,San Giovanni Gemini,Melaco,"37° 37' 58,61''","13° 38' 40,08''",612.0,no,Pinus  halepensis Mill.,Pino d'Aleppo,300.0,13.0,"a) età e/o dimensioni
f) pregio paesaggistico",no,13.644467,37.632947
25,SICILIA,01/I356/AG/19,Agrigento,Santo Stefano Quisquina,Serra Quisquina,"37° 37' 19,21''","13° 31' 23,67''",1051.0,no,Quercus congesta C. Presl,Quercia congesta,380.0,23.0,"a) età e/o dimensioni
c) valore ecologico
f) pregio paesaggistico
g) valore storico, culturale, religioso",sì,13.523242,37.622003
26,SICILIA,02/I356/AG/19,Agrigento,Santo Stefano Quisquina,Grotticelle,"37° 38' 01,93''","13° 28' 47,95''",730.0,no,Quercus robur L.,Farnia,410.0,25.0,"a) età e/o dimensioni
c) valore ecologico",sì,13.479986,37.633869
27,SICILIA,03/I356/AG/19,Agrigento,Santo Stefano Quisquina,Piani Piraini  - La Pistacchiera,"37° 35' 29,64''","13° 32' 34,51''",800.0,no,Pyrus communis L.,Pero domestico,270.0,12.0,a) età e/o dimensioni,no,13.542919,37.591567
28,SICILIA,01/I533/AG/19,Agrigento,Sciacca,Scunchiapani,"37° 33' 35,48''","13° 3' 29,43''",174.0,no,Olea europaea subsp. oleaster (Hoffmanns. & Link),Olivastro,460.0,12.0,"a) età e/o dimensioni
c) valore ecologico
g) valore storico, culturale, religioso",no,13.058175,37.559856
29,SICILIA,01/A028/CT/19,Catania,Acireale,La Timpa - Via Santa Maria della Scala,"37° 37' 12,21''","15° 10' 24,99''",114.0,sì,Platanus acerifolia (Aiton) Willd.,Platano comune,350.0,8.0,"a) età e/o dimensioni
c) valore ecologico
f) pregio paesaggistico",no,15.173608,37.620058
30,SICILIA,01/A056/CT/19,Catania,Adrano,Galvarina - Prato Fiorito,"37° 43' 36,7''","14° 55' 13,25''",1800.0,no,Pinus nigra subsp. laricio Maire,Pino laricio,300.0,15.0,"b) forma e portamento
f) pregio paesaggistico",no,14.920347,37.726861
31,SICILIA,01/B202/CT/19,Catania,Bronte,Monte Egitto,"37° 45' 57,93''","14° 55' 39,04''",1600.0,no,Quercus pubescens Willd.,Roverella,480.0,15.0,"a) età e/o dimensioni
f) pregio paesaggistico",no,14.927511,37.766092
32,SICILIA,02/B202/CT/19,Catania,Bronte,Monte Lepre,"37° 45' 22,36''","14° 55' 12,11''",1550.0,no,Quercus pubescens Willd.,Roverella,430.0,11.0,"a) età e/o dimensioni
f) pregio paesaggistico",no,14.920031,37.756211
33,SICILIA,03/B202/CT/19,Catania,Bronte,Poggio La Caccia,"37° 45' 23,93''","14° 57' 06,96''",1830.0,no,Betula aetnensis Raf.,Betulla dell'Etna,197.0,17.0,"d) rarità botanica
f) pregio paesaggistico",no,14.951933,37.756647
34,SICILIA,01/B428/CT/19,Catania,Caltagirone,Molara,"37° 05' 54,47''","14° 28' 07,99''",220.0,no,Quercus suber L.,Sughera,650.0,11.0,"a) età e/o dimensioni
b) forma e portamento
f) pregio paesaggistico",sì,14.468886,37.098464
35,SICILIA,02/B428/CT/19,Catania,Caltagirone,Giardini Vittorio Emanuele,"37° 13' 53,02''","14° 31' 09,18''",539.0,sì,Cedrus atlantica (Endl.) Manetti ex Carrière,Cedro dell'Atlante,280.0,16.0,e) architettura vegetale,no,14.519217,37.231394
36,SICILIA,01/C351/CT/19,Catania,Catania,Villa Bellini,"37° 30' 44,7''","15° 04' 57,68''",29.0,sì,Ficus macrophylla Desf. ex Pers.,Fico magnolioide,1400.0,30.0,"a) età e/o dimensioni
b) forma e portamento
d) rarità botanica
g) valore storico, culturale, religioso",no,15.082689,37.512417
37,SICILIA,02/C351/CT/19,Catania,Catania,Villa Bellini,"37° 30' 38,89''","15° 05' 06,39''",27.0,sì,Araucaria bidwillii Hook.,Pino del Queensland,340.0,40.0,"a) età e/o dimensioni
b) forma e portamento
d) rarità botanica
e) architettura vegetale
f) pregio paesaggistico",no,15.085108,37.510803
38,SICILIA,03/C351/CT/19,Catania,Catania,Villa Bellini,"37° 30' 38,24''","15° 05' 06,65''",27.0,sì,Araucaria bidwillii Hook.,Pino del Queensland,300.0,45.0,"a) età e/o dimensioni
d) rarità botanica
e) architettura vegetale
f) pregio paesaggistico",no,15.085181,37.510622
39,SICILIA,04/C351/CT/19,Catania,Catania,Istituto Superiore di Catania - Via Valdisavoia 9,"37° 31' 2,92''","15° 4' 25,08''",69.0,sì,Ficus macrophylla Desf. ex Pers.,Fico magnolioide,1200.0,25.0,"a) età e/o dimensioni
b) forma e portamento
f) pregio paesaggistico",no,15.073633,37.517478
40,SICILIA,05/C351/CT/19,Catania,Catania,Via Etnea 397,"37° 30' 55,74''","15° 05' 02,75''",75.0,sì,Dracaena draco L.,Albero del drago,200.0,7.0,"a) età e/o dimensioni
d) rarità botanica",no,15.084097,37.515483
41,SICILIA,01/E602/CT/19,Catania,Linguaglossa,Pernicana,"37° 48' 26,46''","14° 57' 02,96''",1250.0,no,Pinus nigra subsp. laricio Maire,Pino laricio,600.0,24.0,"a) età e/o dimensioni
f) pregio paesaggistico
g) valore storico, culturale, religioso",no,14.950822,37.807350
42,SICILIA,01/F214/CT/19,Catania,Milo,Monte Fontana - Timpa Modda,"37° 44' 19,92''","15° 05' 09,94''",1210.0,no,Quercus cerris L.,Cerro,560.0,18.0,"a) età e/o dimensioni
f) pregio paesaggistico
g) valore storico, culturale, religioso",no,15.086094,37.738867
43,SICILIA,02/F214/CT/19,Catania,Milo,Caselle - Via Guglielmo Marconi,"37° 43' 14,85''","15° 06' 32,11''",790.0,sì,Acer opalus Mill.,Acero napoletano,325.0,14.0,a) età e/o dimensioni,no,15.108919,37.720792
44,SICILIA,03/F214/CT/19,Catania,Milo,Giarrita,37° 45' 37'',"15° 04' 21,19''",1430.0,no,Insieme omogeneo di Fagus sylvatica L.,Faggio,"670 (med)
720 (max)","20,0 (med)
21,0 (max)","a) età e/o dimensioni
g) valore storico, culturale, religioso",no,15.072553,37.760278
45,SICILIA,04/F214/CT/19,Catania,Milo,Bosco Barone Nicolosi,"37° 42' 24,17''","15° 06' 58,55''",580.0,no,Acer opalus subsp. obtusatum (Waldst. & Kit ex Willd.) Gams,Acero d'Ungheria,310.0,18.0,"a) età e/o dimensioni
d) rarità botanica",no,15.116264,37.706714
46,SICILIA,05/F214/CT/19,Catania,Milo,Piazza Sacro Cuore - Strada Provinciale 59,"37° 44' 08,49''","15° 06' 45,16''",835.0,sì,Celtis australis L.,Bagolaro,380.0,18.0,"a) età e/o dimensioni
g) valore storico, culturale, religioso",sì,15.112544,37.735692
47,SICILIA,01/F781/CT/19,Catania,Motta Sant'Anastasia,Contrada Gebbia,"37° 30' 29,99''","14° 58' 13,04''",200.0,no,Olea europaea L.,Olivo,830.0,8.0,"a) età e/o dimensioni
b) forma e portamento
f) pregio paesaggistico
g) valore storico, culturale, religioso",no,14.970289,37.508331
48,SICILIA,01/G371/CT/19,Catania,Paternò,Villa Moncada,"37° 34' 10,87''","14° 54' 34,96''",225.0,sì,Tipuana tipu (Benth.) Kuntze,Tipuana,400.0,25.0,"a) età e/o dimensioni
d) rarità botanica
f) pregio paesaggistico",no,14.909711,37.569686
49,SICILIA,02/G371/CT/19,Catania,Paternò,Rotonda su Via Vittorio Emanuele,"37° 34' 09,5''","14° 54' 43,2''",250.0,sì,Ficus australis Willd.,Fico rugginoso,370.0,25.0,"a) età e/o dimensioni
d) rarità botanica
f) pregio paesaggistico",no,14.912000,37.569306
50,SICILIA,01/H175/CT/19,Catania,Randazzo,Monte Santa Maria - Contrada Annunziata,"37° 49' 28,16''","14° 58' 55,86''",1537.0,no,Insieme omogeneo di Betula aetnensis Raf.,Betulla dell'Etna,"656 (med)
710 (max)","16,0 (med)
16,0 (max)","a) età e/o dimensioni
b) forma e portamento
d) rarità botanica
f) pregio paesaggistico",no,14.982183,37.824489
51,SICILIA,02/H175/CT/19,Catania,Randazzo,Monte Colla,"37° 55' 45,19''","14° 54' 20,85''",1492.0,no,Acer pseudoplatanus L.,Acero di monte,350.0,4.0,f) pregio paesaggistico,no,14.905792,37.929219
52,SICILIA,01/H325/CT/19,Catania,Riposto,Villa Puglisi,"37° 43' 40,93''","15° 11' 53,96''",67.0,sì,Ficus macrophylla Desf. ex Pers.,Fico magnolioide,1100.0,18.0,"a) età e/o dimensioni
b) forma e portamento
e) architettura vegetale
f) pregio paesaggistico",sì,15.198322,37.728036
53,SICILIA,01/I314/CT/19,Catania,Santa Venerina,Dagala del Re,"37° 41' 51,67''","15° 08' 05,11''",390.0,no,Quercus pubescens Willd.,Roverella,300.0,16.0,"f) pregio paesaggistico
g) valore storico, culturale, religioso",no,15.134753,37.697686
54,SICILIA,02/I314/CT/19,Catania,Santa Venerina,Parco Cosentini,"37° 39' 49,24''","15° 07' 53,06''",325.0,no,Quercus pubescens Willd.,Roverella,430.0,11.0,f) pregio paesaggistico,no,15.131406,37.663678
55,SICILIA,01/I216/CT/19,Catania,Sant'Alfio,Nucifori,"37° 44' 57,56''","15° 07' 53,44''",705.0,sì,Castanea sativa Mill.,Castagno,2200.0,22.0,"a) età e/o dimensioni
b) forma e portamento
c) valore ecologico
f) pregio paesaggistico
g) valore storico, culturale, religioso",no,15.131511,37.749322
56,SICILIA,02/I216/CT/19,Catania,Sant'Alfio,Pomazzo,"37° 45' 31,87''","15° 05' 18,56''",1180.0,no,Quercus pubescens Willd.,Roverella,330.0,12.0,"a) età e/o dimensioni
g) valore storico, culturale, religioso",no,15.088489,37.758853
57,SICILIA,03/I216/CT/19,Catania,Sant'Alfio,Magazzeni,"37° 45' 31,6''","15° 06' 18,99''",1010.0,no,Betula aetnensis Raf.,Betulla dell'Etna,205.0,12.0,"a) età e/o dimensioni
d) rarità botanica
g) valore storico, culturale, religioso",no,15.105275,37.758778
58,SICILIA,04/I216/CT/19,Catania,Sant'Alfio,Tramazzi,"37° 45' 44,62''","15° 6' 18,43''",1016.0,no,Castanea sativa Mill.,Castagno,860.0,16.0,"a) età e/o dimensioni
c) valore ecologico",no,15.105119,37.762394
59,SICILIA,01/L355/CT/19,Catania,Trecastagni,Chiesa Santa Maria dei Tremonti,"37° 37' 51,03''","15° 3' 55,31''",645.0,sì,Quercus pubescens Willd.,Roverella,380.0,11.0,"a) età e/o dimensioni
f) pregio paesaggistico
g) valore storico, culturale, religioso",no,15.065364,37.630842
60,SICILIA,02/L355/CT/19,Catania,Trecastagni,Contrada da Carpene,"37° 39' 26,82''","15° 04' 34,39''",730.0,no,Quercus pubescens Willd.,Roverella,400.0,13.0,"a) età e/o dimensioni
f) pregio paesaggistico",no,15.076219,37.657450
61,SICILIA,01/M100/CT/19,Catania,Vizzini,Via Castello 26,"37° 09' 40,16''","14° 44' 48,07''",618.0,sì,Pinus pinea L.,Pino domestico,322.0,16.0,"c) valore ecologico
e) architettura vegetale",no,14.746686,37.161156
62,SICILIA,01/M139/CT/19,Catania,Zafferana Etnea,Contrada Carlino,"37° 43' 02,57''","15° 06' 09,03''",940.0,no,Quercus ilex L.,Leccio,490.0,18.0,"a) età e/o dimensioni
b) forma e portamento
g) valore storico, culturale, religioso",no,15.102508,37.717381
63,SICILIA,02/M139/CT/19,Catania,Zafferana Etnea,Acquarocca degli Zappini,"37° 42' 18,85''","15° 02' 48,6''",1522.0,no,Fagus sylvatica L.,Faggio,630.0,13.0,"a) età e/o dimensioni
b) forma e portamento
f) pregio paesaggistico
g) valore storico, culturale, religioso",no,15.046833,37.705236
64,SICILIA,03/M139/CT/19,Catania,Zafferana Etnea,Strada Cassone - Monte Pomiciaro,"37° 42' 35,21''","15° 04' 04,99''",1420.0,no,Populus tremula L.,Pioppo tremolo,310.0,10.0,f) pregio paesaggistico,no,15.068053,37.709781
65,SICILIA,04/M139/CT/19,Catania,Zafferana Etnea,Ilice,"37° 41' 05,7''","15° 04' 25,3''",1110.0,no,Fagus sylvatica L.,Faggio,300.0,20.0,f) pregio paesaggistico,no,15.073694,37.684917
66,SICILIA,03/B804/ME/19,Messina,Caronia,Bosco Tassita,"37° 53' 42,47''","14° 28' 51,99''",1487.0,no,Acer pseudoplatanus L.,Acero di monte,830.0,24.0,"a) età e/o dimensioni
c) valore ecologico",no,14.481108,37.895131
67,SICILIA,04/B804/ME/19,Messina,Caronia,Bosco Tassita,"37° 53' 43,76''","14° 28' 51,33''",1477.0,no,Acer pseudoplatanus L.,Acero di monte,650.0,26.0,"a) età e/o dimensioni
c) valore ecologico",no,14.480925,37.895489
68,SICILIA,05/B804/ME/19,Messina,Caronia,Bosco Tassita,"37° 53' 44,76''","14° 28' 52,85''",1460.0,no,Acer campestre L.,Acero campestre,405.0,14.0,"a) età e/o dimensioni
c) valore ecologico",no,14.481347,37.895767
69,SICILIA,06/B804/ME/19,Messina,Caronia,Bosco Tassita,"37° 53' 46,75''","14° 28' 41,33''",1448.0,no,Fagus sylvatica L.,Faggio,500.0,15.0,"a) età e/o dimensioni
c) valore ecologico",no,14.478147,37.896319
70,SICILIA,01/D825/ME/19,Messina,Furnari,Furnari,"38° 6' 32,93''","15° 7' 31,41''",136.0,sì,Pinus pinea L.,Pino domestico,130.0,10.0,"b) forma e portamento
f) pregio paesaggistico",no,15.125392,38.109147
71,SICILIA,01/I086/ME/19,Messina,San Piero Patti,Manganello - Agriturismo Il Daino,"38° 2' 51,07''","14° 59' 9,07''",606.0,no,Quercus virgiliana (Ten.) Ten.,Quercia castagnara,550.0,19.0,"a) eta` e/o dimensioni
c) valore ecologico",no,14.985853,38.047519
72,SICILIA,01/L042/ME/19,Messina,Taormina,Excelsior Palace,"37° 51' 1,93''","15° 16' 52,04''",164.0,sì,Dracaena draco L.,Albero del drago,200.0,8.0,"a) età e/o dimensioni
c) valore ecologico
d) rarità botanica",no,15.281122,37.850536
73,SICILIA,02/L042/ME/19,Messina,Taormina,Excelsior Palace,"37° 50' 56,48''","15° 16' 52,86''",159.0,no,Insieme omogeneo di Ficus macrophylla Desf. ex Pers.,Fico magnolioide,"500 (med)
550 (max)","12,0 (med)
15,0 (max)","a) età e/o dimensioni
c) valore ecologico
d) rarità botanica",no,15.281350,37.849022
74,SICILIA,03/L042/ME/19,Messina,Taormina,Excelsior Palace,"37° 50' 53,88''","15° 16' 53,24''",162.0,no,Ceratonia siliqua L.,Carrubo,800.0,8.0,"a) età e/o dimensioni
c) valore ecologico",no,15.281456,37.848300
75,SICILIA,04/L042/ME/19,Messina,Taormina,Excelsior Palace,"37° 50' 54,39''","15° 16' 53,05''",190.0,no,Cupressus sempervirens L.,Cipresso comune,200.0,30.0,"a) età e/o dimensioni
c) valore ecologico",no,15.281403,37.848442
76,SICILIA,05/L042/ME/19,Messina,Taormina,Excelsior Palace,"37° 50' 58,36''","15° 16' 51,61''",180.0,no,Cupressus sempervirens L.,Cipresso comune,200.0,30.0,"a) età e/o dimensioni
c) valore ecologico",no,15.281003,37.849544
77,SICILIA,01/A882/PA/19,Palermo,Bisacquino,Santa Maria del Bosco - Valvino - Strada Provinciale N. 35,"37° 42' 40,21''",13° 13' 17'',709.0,sì,Quercus virgiliana (Ten.) Ten.,Quercia castagnara,420.0,25.0,"a) età e/o dimensioni
b) forma e portamento
c) valore ecologico
d) rarità botanica",no,13.221389,37.711169
78,SICILIA,03/C067/PA/19,Palermo,Castelbuono,Sempria,"37° 54' 9,66''","14° 4' 8,61''",1180.0,no,Quercus congesta C. Presl,Quercia congesta,530.0,20.0,"a) eta` e/o dimensioni
c) valore ecologico",no,14.069058,37.902683
79,SICILIA,04/C067/PA/19,Palermo,Castelbuono,Chianu Du Trippaturi,"37° 54' 38,8''","14° 3' 28,9''",1263.0,no,Quercus dalechampii Ten.,Quercia di Dalechamps,475.0,13.0,"a) eta` e/o dimensioni
c) valore ecologico",no,14.058028,37.910778
80,SICILIA,01/C968/PA/19,Palermo,Contessa Entellina,Abbazia Santa Maria del Bosco,"37° 42' 41,17''","13° 12' 18,88''",836.0,no,Populus nigra L.,Pioppo nero,600.0,20.0,"a) età e/o dimensioni
c) valore ecologico",no,13.205244,37.711436
81,SICILIA,01/G263/PA/19,Palermo,Palazzo Adriano,Vanelle - Strada Statale N. 132,"37° 41' 6,24''","13° 23' 1,45''",650.0,no,Quercus virgiliana (Ten.) Ten.,Quercia castagnara,600.0,30.0,"a) età e/o dimensioni
b) forma e portamento
c) valore ecologico
d) rarità botanica",no,13.383736,37.685067
82,SICILIA,02/G263/PA/19,Palermo,Palazzo Adriano,Muffoletto,"37° 42' 3,62''","13° 22' 20,07''",680.0,no,Olea europaea L.,Olivo,350-440,4.0,"a) età e/o dimensioni
c) valore ecologico",no,13.372242,37.701006
83,SICILIA,03/G263/PA/19,Palermo,Palazzo Adriano,Muffoletto,"37° 42' 2,67''","13° 22' 20,28''",680.0,no,Olea europaea L.,Olivo,400.0,4.0,"a) età e/o dimensioni
b) forma e portamento
c) valore ecologico",no,13.372300,37.700742
84,SICILIA,04/G263/PA/19,Palermo,Palazzo Adriano,Pullicia di Sopra,"37° 34' 27,03''","13° 22' 53,67''",500.0,no,Olea europaea L.,Olivo,800.0,6.0,"a) età e/o dimensioni
b) forma e portamento
c) valore ecologico",no,13.381575,37.574175
85,SICILIA,05/G263/PA/19,Palermo,Palazzo Adriano,Bosco di Rifesi - Santuario,"37° 36' 32,91''","13° 20' 35,89''",809.0,no,Prunus dulcis (Mill.) D.A. Webb,Mandorlo,270.0,12.0,a) età e/o dimensioni,no,13.343303,37.609142
86,SICILIA,07/G263/PA/19,Palermo,Palazzo Adriano,Bosco Rifesi - Santuario,"37° 36' 28,59''","13° 20' 34,7''",829.0,no,Quercus virgiliana (Ten.) Ten.,Quercia castagnara,600.0,13.0,"a) età e/o dimensioni
b) forma e portamento
c) valore ecologico
d) rarità botanica",no,13.342972,37.607942
87,SICILIA,08/G263/PA/19,Palermo,Palazzo Adriano,Bosco Rifesi - Santuario,"37° 36' 28,31''","13° 20' 35,11''",819.0,no,Quercus virgiliana (Ten.) Ten.,Quercia castagnara,550.0,18.0,"a) età e/o dimensioni
b) forma e portamento
c) valore ecologico
d) rarità botanica
g) valore storico, culturale, religioso",no,13.343086,37.607864
88,SICILIA,09/G263/PA/19,Palermo,Palazzo Adriano,Fiume Grande,"37° 41' 30,77''","13° 22' 03,58''",500.0,no,Populus nigra L.,Pioppo nero,650.0,20.0,"a) età e/o dimensioni
c) valore ecologico",no,13.367661,37.691881
89,SICILIA,01/G273/PA/19,Palermo,Palermo,Via Notarbartolo 23,"38° 7' 58,02''","13° 20' 44,44''",25.0,sì,Ficus macrophylla Desf. ex Pers.,Fico magnolioide,291.0,14.5,"g) valore storico, culturale, religioso",no,13.345678,38.132783
90,SICILIA,02/G273/PA/19,Palermo,Palermo,Pallavicino - Via Cesenatico,"38° 10' 12,45''","13° 20' 07,09''",60.0,no,Olea europaea L.,Olivo,818.0,10.5,"a) età e/o dimensioni
c) valore ecologico",sì,13.335303,38.170125
91,SICILIA,03/G273/PA/19,Palermo,Palermo,Villa Garibaldi - Piazza Marina,"38° 07' 03,14''","13° 22' 10,39''",7.0,sì,Ficus macrophylla Desf. ex Pers.,Fico magnolioide,3600.0,21.0,"a) età e/o dimensioni
b) forma e portamento
c) valore ecologico
d) rarità botanica
e) architettura vegetale
g) valore storico, culturale, religioso",sì,13.369553,38.117539
92,SICILIA,04/G273/PA/19,Palermo,Palermo,Santuario di Santa Maria di Gesù,"38° 04' 58,84''","13° 22' 46,08''",190.0,sì,Cupressus sempervirens L.,Cipresso comune,350.0,23.0,"a) età e/o dimensioni
g) valore storico, culturale, religioso",no,13.379467,38.083011
93,SICILIA,05/G273/PA/19,Palermo,Palermo,Via Piano dell'Ucciardone,"38° 07' 56,48''","13° 21' 34,71''",3.0,sì,Platanus acerifolia (Aiton) Willd.,Platano comune,420.0,28.0,"a) età e/o dimensioni
b) forma e portamento",no,13.359642,38.132356
94,SICILIA,06/G273/PA/19,Palermo,Palermo,Villa Trabia alle Terre Rosse,"38° 7' 46,05''","13° 20' 49,03''",24.0,sì,Araucaria bidwillii Hook.,Pino del Queensland,222.0,23.0,d) rarità botanica,no,13.346953,38.129458
95,SICILIA,07/G273/PA/19,Palermo,Palermo,Villa Trabia alle Terre Rosse,"38° 07' 47,49''","13° 20' 55,11''",17.0,sì,Ficus macrophylla Desf. ex Pers.,Fico magnolioide,480.0,20.0,"a) età e/o dimensioni
b) forma e portamento
c) valore ecologico
d) rarità botanica",no,13.348642,38.129858
96,SICILIA,08/G273/PA/19,Palermo,Palermo,Villa Trabia alle Terre Rosse,"38° 07' 46,27''","13° 20' 47,38''",25.0,sì,Ficus macrophylla Desf. ex Pers.,Fico magnolioide,680.0,20.0,"a) età e/o dimensioni
b) forma e portamento
c) valore ecologico
d) rarità botanica",no,13.346494,38.129519
97,SICILIA,09/G273/PA/19,Palermo,Palermo,Villa Malfitano Whitaker,38° 07' 27'',13° 20' 31'',39.0,sì,Dracaena draco L.,Albero del drago,590.0,12.0,"a) età e/o dimensioni
d) rarità botanica",no,13.341944,38.124167
98,SICILIA,10/G273/PA/19,Palermo,Palermo,Villa Malfitano Whitaker,"38° 07' 22,29''","13° 20' 29,23''",38.0,sì,Ficus macrophylla Desf. ex Pers.,Fico magnolioide,2100.0,16.0,"a) età e/o dimensioni
b) forma e portamento
c) valore ecologico
d) rarità botanica
e) architettura vegetale",no,13.341453,38.122858
99,SICILIA,11/G273/PA/19,Palermo,Palermo,Villa Malfitano Whitaker - Via Dante 167,"38° 7' 25,32''","13° 20' 29,89''",38.0,sì,Nolina longifolia (Karw. ex Shult. & Shult.f.) Hemsl,Pianta mangiafumo,410.0,7.0,d) rarità botanica,no,13.341636,38.123700
100,SICILIA,12/G273/PA/19,Palermo,Palermo,Villa Malfitano Whitaker - Via Dante 167,"38° 07' 19,5''","13° 20' 30,71''",37.0,sì,Yucca gigantea Lem.,Yucca,560.0,12.0,"a) età e/o dimensioni
d) rarità botanica",no,13.341864,38.122083
101,SICILIA,13/G273/PA/19,Palermo,Palermo,Villa Giulia,"38° 06' 51,06''","13° 22' 29,84''",5.0,sì,Insieme omogeneo di Washingtonia robusta H. Wendl.,Palma messicana,"150 (med)
160 (max)","18,0 (med)
20,0 (max)","a) età e/o dimensioni
d) rarità botanica
e) architettura vegetale
g) valore storico, culturale, religioso",no,13.374956,38.114183
102,SICILIA,14/G273/PA/19,Palermo,Palermo,Giardino Inglese,"38° 07' 53,36''","13° 21' 06,56''",18.0,sì,Ficus macrophylla Desf. ex Pers.,Fico magnolioide,820.0,11.0,"a) età e/o dimensioni
c) valore ecologico
d) rarità botanica",no,13.351822,38.131489
103,SICILIA,15/G273/PA/19,Palermo,Palermo,Giardino Inglese,"38° 08' 00,03''","13° 21' 03,93''",16.0,sì,Phytolacca dioica L.,Fitolacca arborea,410.0,10.0,"a) età e/o dimensioni
c) valore ecologico
d) rarità botanica",no,13.351092,38.133342
104,SICILIA,17/G273/PA/19,Palermo,Palermo,Palazzo Pantelleria - Piazza Giovanni Meli,"38° 07' 10,67''","13° 21' 51,38''",9.0,sì,Ficus macrophylla Desf. ex Pers.,Fico magnolioide,1010.0,17.0,"a) età e/o dimensioni
d) rarità botanica
e) architettura vegetale
g) valore storico, culturale, religioso",no,13.364272,38.119631
105,SICILIA,18/G273/PA/19,Palermo,Palermo,Piazza Virgilio,"38° 07' 25,06''","13° 20' 55,65''",26.0,sì,Ficus virens Aiton,Fico bianco,1000.0,20.0,"a) età e/o dimensioni
c) valore ecologico
d) rarità botanica",no,13.348792,38.123628
106,SICILIA,19/G273/PA/19,Palermo,Palermo,Via Claudio Monteverdi,"38° 07' 43,61''","13° 20' 28,06''",35.0,sì,Washingtonia filifera (Linden ex André) H. Wendl. ex de Bary,Palma californiana,235.0,16.0,f) pregio paesaggistico,no,13.341128,38.128781
107,SICILIA,20/G273/PA/19,Palermo,Palermo,Via Ugo La Malfa 169,"38° 09' 58,32''","13° 18' 27,66''",52.0,sì,Olea europaea L.,Olivo,730.0,15.0,"a) età e/o dimensioni
c) valore ecologico",no,13.307683,38.166200
108,SICILIA,21/G273/PA/19,Palermo,Palermo,Via Ugo La Malfa 169,"38° 9' 58,59''","13° 18' 28,28''",52.0,sì,Olea europaea L.,Olivo,830.0,15.0,"a) età e/o dimensioni
c) valore ecologico",no,13.307856,38.166275
109,SICILIA,22/G273/PA/19,Palermo,Palermo,Vivai Lo Porto - Corso Calatafimi 262,"38° 06' 19,71''","13° 20' 17,47''",51.0,sì,Nolina longifolia (Karw. ex Shult. & Shult.f.) Hemsl,Pianta mangiafumo,280.0,8.0,"a) età e/o dimensioni
d) rarità botanica",no,13.338186,38.105475
110,SICILIA,23/G273/PA/19,Palermo,Palermo,Vivai Lo Porto,"38° 6' 19,79''","13° 20' 17,37''",51.0,sì,Nolina longifolia (Karw. ex Shult. & Shult.f.) Hemsl,Pianta mangiafumo,500.0,8.0,"a) età e/o dimensioni
d) rarità botanica",no,13.338158,38.105497
111,SICILIA,24/G273/PA/19,Palermo,Palermo,Vivai Lo Porto,"38° 06' 19,07''","13° 20' 19,16''",51.0,sì,Dracaena draco L.,Albero del drago,700.0,7.0,"a) età e/o dimensioni
d) rarità botanica",no,13.338656,38.105297
112,SICILIA,25/G273/PA/19,Palermo,Palermo,Vivai Lo Porto,"38° 06' 21,37''","13° 20' 17,08''",51.0,sì,Sterculia acerifolia A. Cunn. Ex D. Don,Albero del fuoco,450.0,20.0,"a) età e/o dimensioni
d) rarità botanica",no,13.338078,38.105936
113,SICILIA,26/G273/PA/19,Palermo,Palermo,Villa Bonanno - Piazza  Vittoria,"38° 6' 44,7''","13° 21' 19,08''",33.0,sì,Insieme omogeneo di Phoenix dactylifera L.,Palma da datteri,"200 (med)
250 (max)","20,0 (med)
25,0 (max)","a) età e/o dimensioni
d) rarità botanica
e) architettura vegetale
g) valore storico, culturale, religioso",sì,13.355300,38.112417
114,SICILIA,27/G273/PA/19,Palermo,Palermo,Zen - Viale Sandro Pertini 710,"38° 10' 58,95''","13° 19' 15,47''",22.0,no,Ficus macrophylla Desf. ex Pers.,Fico magnolioide,3400.0,25.0,"a) età e/o dimensioni
b) forma e portamento
c) valore ecologico
d) rarità botanica",sì,13.320964,38.183042
115,SICILIA,28/G273/PA/19,Palermo,Palermo,Palazzina Cinese - Via Duca degli Abruzzi,"38° 09' 59,4''","13° 19' 51,18''",63.0,sì,Dracena draco L.,Albero del drago,600.0,7.0,"a) età e/o dimensioni
d) rarità botanica",no,13.330883,38.166500
116,SICILIA,29/G273/PA/19,Palermo,Palermo,Villa Niscemi,"38° 09' 51,26''","13° 20' 04,36''",40.0,sì,Ficus microcarpa L.,Ficus a frutti piccoli,420.0,18.0,"a) età e/o dimensioni
d) rarità botanica",no,13.334544,38.164239
117,SICILIA,30/G273/PA/19,Palermo,Palermo,Villa Niscemi,"38° 09' 50,38''","13° 20' 00,72''",50.0,no,Ficus macrophylla Desf. ex Pers.,Fico magnolioide,3600.0,8.0,"a) età e/o dimensioni
d) rarità botanica",no,13.333533,38.163994
118,SICILIA,31/G273/PA/19,Palermo,Palermo,Villa Niscemi,38° 09' 51'',13° 20' 2'',50.0,sì,Ficus microcarpa L.,Ficus a frutti piccoli,560.0,20.0,"a) età e/o dimensioni
d) rarità botanica",no,13.333889,38.164167
119,SICILIA,32/G273/PA/19,Palermo,Palermo,Villa Niscemi,"38° 09' 49,16''","13° 20' 00,26''",50.0,sì,Dracaena draco L.,Albero del drago,250.0,8.0,"a) età e/o dimensioni
c) valore ecologico
d) rarità botanica",no,13.333406,38.163656
120,SICILIA,33/G273/PA/19,Palermo,Palermo,Orto Botanico,"38° 6' 44,62''","13° 22' 23,09''",10.0,sì,Carya illinoinensis (Wangenh.) K. Koch,Noce Pecan,560.0,30.0,"a) età e/o dimensioni
d) rarità botanica",no,13.373081,38.112394
121,SICILIA,34/G273/PA/19,Palermo,Palermo,Orto Botanico,"38° 06' 45,26''","13° 22' 24,45''",10.0,sì,"Ceiba speciosa (A.St.-Hil, A.Juss & Cambess.) syn Chorisia speciosa A. St. Hill",Falso kapok,380.0,15.0,"a) età e/o dimensioni
b) forma e portamento
d) rarità botanica",no,13.373458,38.112572
122,SICILIA,35/G273/PA/19,Palermo,Palermo,Orto Botanico,"38° 06' 44,84''","13° 22' 24,78''",10.0,sì,Melaleuca glaberrima F. Muel,Melaleuca glabra,210.0,4.0,"a) età e/o dimensioni
b) forma e portamento
d) rarità botanica",no,13.373550,38.112456
123,SICILIA,36/G273/PA/19,Palermo,Palermo,Orto Botanico,"38° 6' 39,75''","13° 22' 28,98''",10.0,sì,Ficus macrophylla Desf. ex Pers.,Fico magnolioide,2400.0,25.0,"a) età e/o dimensioni
b) forma e portamento
c) valore ecologico
d) rarità botanica",sì,13.374717,38.111042
124,SICILIA,37/G273/PA/19,Palermo,Palermo,Orto Botanico,"38° 6' 41,15''","13° 22' 23,52''",15.0,sì,Dracena draco L.,Albero del drago,300.0,8.0,"a) età e/o dimensioni
b) forma e portamento
d) rarità botanica",no,13.373200,38.111431
125,SICILIA,38/G273/PA/19,Palermo,Palermo,Orto Botanico,"38° 06' 44,94''","13° 22' 23,88''",10.0,sì,Cycas revoluta Thunb.,Cycas,220.0,8.0,"a) età e/o dimensioni
d) rarità botanica",no,13.373300,38.112483
126,SICILIA,39/G273/PA/19,Palermo,Palermo,Orto Botanico,"38° 6' 41,91''","13° 22' 28,26''",10.0,sì,"Araucaria columnaris, (G. Forst) Hook",Pino colonna,340.0,36.0,"a) età e/o dimensioni
d) rarità botanica",no,13.374517,38.111642
127,SICILIA,40/G273/PA/19,Palermo,Palermo,Villa Tasca - Viale Regione Siciliana,"38° 5' 56,91''","13° 19' 37,28''",89.0,sì,Ficus macrophylla Desf. ex Pers.,Fico magnolioide,2730.0,30.0,"a) età e/o dimensioni
c) valore ecologico
d) rarità botanica",sì,13.327022,38.099142
128,SICILIA,41/G273/PA/19,Palermo,Palermo,Villa Tasca - Viale Regione Siciliana,"38° 5' 56,03''","13° 19' 40,38''",88.0,sì,"Araucaria columnaris, (G. Forst) Hook",Pino colonna,370.0,38.0,"a) età e/o dimensioni
c) valore ecologico
d) rarità botanica",sì,13.327883,38.098897
129,SICILIA,42/G273/PA/19,Palermo,Palermo,Villa Tasca,"38° 5' 55,56''","13° 19' 39,04''",88.0,sì,Araucaria heterophylla (Salisb.) Franco,Pino di Norfolk,480.0,36.0,"a) età e/o dimensioni
c) valore ecologico
d) rarità botanica",sì,13.327511,38.098767
130,SICILIA,43/G273/PA/19,Palermo,Palermo,Villa Tasca,"38° 6' 1,95''","13° 19' 41,34''",83.0,sì,Platanus acerifolia (Aiton) Willd.,Platano comune,465.0,30.0,"a) età e/o dimensioni
c) valore ecologico",no,13.328150,38.100542
131,SICILIA,44/G273/PA/19,Palermo,Palermo,Villa Tasca,"38° 5' 55,81''","13° 19' 39,94''",87.0,sì,"Insieme omogeneo di Araucaria columnaris, (G. Forst) Hook",Pino colonna,"320 (med)
360 (max)","32,0 (med)
34,0 (max)","a) età e/o dimensioni
c) valore ecologico
d) rarità botanica",no,13.327761,38.098836
132,SICILIA,45/G273/PA/19,Palermo,Palermo,Villa Tasca,"38° 5' 58,09''","13° 19' 47,52''",84.0,sì,Insieme omogeneo di Phoenix dactylifera L.,Palma da datteri,"250 (med)
280 (max)","15,0 (med)
18,0 (max)",a) età e/o dimensioni,no,13.329867,38.099469
133,SICILIA,46/G273/PA/19,Palermo,Palermo,Villa di Napoli,"38° 6' 24,32''","13° 20' 5,14''",68.0,sì,Ficus macrophylla Desf. ex Pers.,Fico magnolioide,24.0,28.0,"a) età e/o dimensioni
c) valore ecologico",no,13.334761,38.106756
134,SICILIA,47/G273/PA/19,Palermo,Palermo,S.M. di Gesù,"38° 4' 55,16''","13° 22' 47,29''",112.0,sì,Olea europaea L.,Olivo,660.0,12.0,"a) età e/o dimensioni
c) valore ecologico",no,13.379803,38.081989
135,SICILIA,01/A014/RG/19,Ragusa,Acate,Lippia Litteri,"37° 1' 39,12''","14° 29' 11,3''",148.0,no,Olea europaea L.,Olivo,680.0,8.0,"a) età e/o dimensioni
b) forma e portamento
c) valore ecologico
f) pregio paesaggistico
g) valore storico, culturale, religioso",no,14.486472,37.027533
136,SICILIA,01/C612/RG/19,Ragusa,Chiaramonte Gulfi,Montesano - Muti,"37° 03' 46,07''","14° 41' 50,04''",450.0,no,Quercus pubescens Willd.,Roverella,460.0,17.0,"a) età e/o dimensioni
b) forma e portamento
c) valore ecologico
g) valore storico, culturale, religioso",no,14.697233,37.062797
137,SICILIA,02/C612/RG/19,Ragusa,Chiaramonte Gulfi,Montesano - Muti,"37° 04' 23,15''","14° 41' 40,63''",490.0,no,Olea europaea L.,Olivo,470-340-230,6.0,"a) età e/o dimensioni
b) forma e portamento
c) valore ecologico
f) pregio paesaggistico",no,14.694619,37.073097
138,SICILIA,03/C612/RG/19,Ragusa,Chiaramonte Gulfi,Muti,"37° 03' 50,37''","14° 41' 56,66''",478.0,no,Olea europaea L.,Olivo,215-395,4.0,"a) età e/o dimensioni
b) forma e portamento
c) valore ecologico
f) pregio paesaggistico",no,14.699072,37.063992
139,SICILIA,01/E366/RG/19,Ragusa,Ispica,Palazzelli,"36° 46' 25,22''","14° 53' 57,54''",95.0,no,Olea europaea L.,Olivo,700.0,8.0,"a) età e/o dimensioni
b) forma e portamento
c) valore ecologico
f) pregio paesaggistico",no,14.899317,36.773672
140,SICILIA,01/F258/RG/19,Ragusa,Modica,Favarottella,"36° 53' 42,75''","14° 52' 39,1''",360.0,no,Ceratonia siliqua L.,Carrubo,760.0,10.0,"a) età e/o dimensioni
c) valore ecologico
f) pregio paesaggistico",no,14.877528,36.895208
141,SICILIA,03/F258/RG/19,Ragusa,Modica,Miglifulo,"36° 52' 47,05''","14° 51' 54,07''",396.0,no,Ceratonia siliqua L.,Carrubo,850.0,12.0,"a) età e/o dimensioni
c) valore ecologico
f) pregio paesaggistico",no,14.865019,36.879736
142,SICILIA,04/F258/RG/19,Ragusa,Modica,Cammaratini,"36° 53' 06,57''",14° 53' 22'',340.0,no,Ceratonia siliqua L.,Carrubo,930.0,13.0,"a) età e/o dimensioni
c) valore ecologico",no,14.889444,36.885158
143,SICILIA,05/F258/RG/19,Ragusa,Modica,Cammaratini Cava Palomberi,"36° 52' 56,8''","14° 53' 12,5''",340.0,no,Ceratonia siliqua L.,Carrubo,960.0,9.5,"a) età e/o dimensioni
b) forma e portamento
c) valore ecologico
f) pregio paesaggistico",no,14.886806,36.882444
144,SICILIA,01/H163/RG/19,Ragusa,Ragusa,Castello di Donna Fugata,"36° 52' 55,08''","14° 33' 52,71''",314.0,no,Ficus macrophylla Desf. ex Pers.,Fico magnolioide,900.0,25.0,"a) età e/o dimensioni
b) forma e portamento
d) rarità botanica
e) architettura vegetale",no,14.564642,36.881967
145,SICILIA,02/H163/RG/19,Ragusa,Ragusa,Castello di Donna Fugata,"36° 52' 54,43''","14° 33' 53,32''",313.0,no,Ficus macrophylla Desf. ex Pers.,Fico magnolioide,950.0,25.0,"a) età e/o dimensioni
c) valore ecologico
d) rarità botanica
e) architettura vegetale",sì,14.564811,36.881786
146,SICILIA,03/H163/RG/19,Ragusa,Ragusa,Foce Fiume Irminio,"36° 46' 32,07''","14° 35' 33,27''",12.0,no,Pistacia lentiscus L.,Lentisco,140.0,3.0,"a) età e/o dimensioni
b) forma e portamento
f) pregio paesaggistico",no,14.592575,36.775575
147,SICILIA,01/F943/SR/19,Siracusa,Noto,San Nicola -Tellaro,"36° 50' 34,66''","15° 05' 22,18''",19.0,no,Ulmus minor Mill.,Olmo campestre,390.0,19.0,a) età e/o dimensioni,no,15.089494,36.842961
148,SICILIA,02/F943/SR/19,Siracusa,Noto,Pizzuta,"36° 50' 48,98''","15° 05' 43,3''",26.0,no,Prunus dulcis (Mill.) D.A. Webb,Mandorlo,270.0,9.0,"a) età e/o dimensioni
c) valore ecologico",no,15.095361,36.846939
149,SICILIA,03/F943/SR/19,Siracusa,Noto,San Nicola Belludia,"36° 50' 50,49''","15° 04' 34,1''",10.0,no,Tamarix africana Poir.,Tamerice africana,370.0,7.5,a) età e/o dimensioni,no,15.076139,36.847358
150,SICILIA,04/F943/SR/19,Siracusa,Noto,Cava Candelaro,"36° 50' 39,38''","14° 58' 43,99''",68.0,no,Ceratonia siliqua L.,Carrubo,1000.0,10.0,"a) età e/o dimensioni
c) valore ecologico",no,14.978886,36.844272
151,SICILIA,05/F943/SR/19,Siracusa,Noto,Piazza Xvi Maggio,"36° 53' 30,19''","15° 04' 04,72''",115.0,sì,Araucaria heterophylla (Salisb.) Franco,Pino di Norfolk,300.0,28.0,"a) età e/o dimensioni
d) rarità botanica
e) architettura vegetale",no,15.067978,36.891719
152,SICILIA,06/F943/SR/19,Siracusa,Noto,Tre Pezzi,"36° 57' 14,6''","14° 59' 09,44''",575.0,no,Pistacia lentiscus L.,Lentisco,150-120,5.0,a) età e/o dimensioni,no,14.985956,36.954056
153,SICILIA,07/F943/SR/19,Siracusa,Noto,Busulmone,"36° 53' 33,85''","15° 02' 12,63''",180.0,no,Olea europaea L.,Olivo,880.0,9.0,"a) età e/o dimensioni
c) valore ecologico
f) pregio paesaggistico",no,15.036842,36.892736
154,SICILIA,08/F943/SR/19,Siracusa,Noto,Busulmone,"36° 53' 36,08''","15° 02' 12,36''",180.0,no,Prunus dulcis (Mill.) D.A. Webb,Mandorlo,130-140-100,9.0,a) età e/o dimensioni,no,15.036767,36.893356
155,SICILIA,09/F943/SR/19,Siracusa,Noto,Chiesa di Santa Lucia di Mendola,"37° 02' 08,93''","14° 54' 54,03''",650.0,no,Quercus ilex L.,Leccio,380.0,14.0,"a) età e/o dimensioni
c) valore ecologico
f) pregio paesaggistico
g) valore storico, culturale, religioso",no,14.915008,37.035814
156,SICILIA,01/G267/SR/19,Siracusa,Palazzolo Acreide,Villa Comunale,"37° 03' 30,17''","14° 54' 31,98''",659.0,sì,Cupressus sempervirens L.,Cipresso comune,718.0,19.0,"a) età e/o dimensioni
b) forma e portamento",no,14.908883,37.058381
157,SICILIA,02/G267/SR/19,Siracusa,Palazzolo Acreide,Villa Comunale,"37° 03' 29,81''","14° 54' 33,74''",659.0,sì,Cedrus libani A.Richard,Cedro del Libano,355.0,14.0,"a) età e/o dimensioni
b) forma e portamento",no,14.909372,37.058281
158,SICILIA,03/G267/SR/19,Siracusa,Palazzolo Acreide,Villa Comunale,"37° 03' 27,67''","14° 54' 37,53''",643.0,sì,Quercus ilex L.,Leccio,565.0,24.0,a) età e/o dimensioni,no,14.910425,37.057686
159,SICILIA,04/G267/SR/19,Siracusa,Palazzolo Acreide,Contrada Bibbiniello,"37° 04' 31,67''","14° 57' 18,29''",460.0,no,Juglans regia L.,Noce comune,330.0,13.0,a) età e/o dimensioni,no,14.955081,37.075464
